Top pages,Clicks,Impressions,CTR,Position
https://weddingmaps.com/venue/harveston-lakehouse/,108,1713,6.3%,6.58
https://weddingmaps.com/,84,1987,4.23%,9.85
https://weddingmaps.com/sangeet-timeline-and-sample-order-of-events/,77,1553,4.96%,19.5
https://weddingmaps.com/venue/san-souci-farm/,31,700,4.43%,7.15
https://weddingmaps.com/venue/ricketts-glen-state-park/,29,291,9.97%,7.02
https://weddingmaps.com/venue/hill-house-at-lanark/,22,367,5.99%,14.31
https://weddingmaps.com/40-bridal-party-entrance-ideas-to-start-the-celebration-in-style/,20,10095,0.2%,12.8
https://weddingmaps.com/venue/bisham-manor/,18,1145,1.57%,8.76
https://weddingmaps.com/egyptian-wedding-traditions/,16,9646,0.17%,8.49
https://weddingmaps.com/listing-location/colombia/,16,2275,0.7%,32.51
https://weddingmaps.com/venue/octagon-house/,16,225,7.11%,13.57
https://weddingmaps.com/venue/altona-town-hall/,16,161,9.94%,6.99
https://weddingmaps.com/venue/caledonia-state-park/,15,245,6.12%,31.73
https://weddingmaps.com/venue/villa-zagara-sorrento/,14,1165,1.2%,8.06
https://weddingmaps.com/venue/paerdegat-yacht-club/,14,956,1.46%,6.91
https://weddingmaps.com/venue/kips-castle-park/,14,769,1.82%,10.43
https://weddingmaps.com/punjabi-first-dance-songs-2/,13,424,3.07%,15.73
https://weddingmaps.com/venue/little-buffalo-state-park/,13,252,5.16%,11.87
https://weddingmaps.com/persian-wedding-traditions/,12,10881,0.11%,11.59
https://weddingmaps.com/venue/l-arka-ta-noe/,11,661,1.66%,7.16
https://weddingmaps.com/desert-photoshoot/,10,3981,0.25%,8.43
https://weddingmaps.com/listing-location/new-jersey/,10,3641,0.27%,66.03
https://weddingmaps.com/venue/tree-tops-park/,10,1846,0.54%,16.41
https://weddingmaps.com/venue/noguchi-garden/,10,376,2.66%,21.52
https://weddingmaps.com/venue/st-charles-preparatory-school/,10,210,4.76%,8.99
https://weddingmaps.com/venue/bartley-ranch/,10,173,5.78%,8.7
https://weddingmaps.com/mexican-wedding-traditions/,9,3754,0.24%,27.34
https://weddingmaps.com/listing-location/germany/,9,1611,0.56%,53.47
https://weddingmaps.com/venue/codorus-state-park/,9,135,6.67%,8.27
https://weddingmaps.com/venue/tibble-fork-reservoir/,9,110,8.18%,17.93
https://weddingmaps.com/venue/ates-ranch-wedding-barn/,8,2232,0.36%,6.95
https://weddingmaps.com/japanese-garden-wedding-venues-to-consider-for-your-big-day/,8,1430,0.56%,20.4
https://weddingmaps.com/venue/terranea-resort/,8,1342,0.6%,11.13
https://weddingmaps.com/venue/la-casa-de-la-ruina-santa-rosa/,8,1225,0.65%,22.85
https://weddingmaps.com/venue/mcc-ranch/,8,937,0.85%,9.27
https://weddingmaps.com/venue/forty-martyrs-armenian-apostolic-church/,8,786,1.02%,8.45
https://weddingmaps.com/venue/arbor-hills-nature-preserve/,8,470,1.7%,39.3
https://weddingmaps.com/venue/seton-hall-university-chapel/,8,285,2.81%,10.99
https://weddingmaps.com/venue/kirkcaldy-town-house/,7,1007,0.7%,13.58
https://weddingmaps.com/venue/piedmont-community-center/,7,491,1.43%,12.84
https://weddingmaps.com/venue/hutterott-castle/,7,369,1.9%,8
https://weddingmaps.com/venue/prairie-creek-park/,7,158,4.43%,24.45
https://weddingmaps.com/venue/whitford-plantation/,7,110,6.36%,6.71
https://weddingmaps.com/listing-location/texas/,6,2571,0.23%,53.07
https://weddingmaps.com/listing-location/romania/,6,667,0.9%,26.5
https://weddingmaps.com/venue/landenberg-barn-at-nonantum-farms/,6,388,1.55%,10.04
https://weddingmaps.com/venue/kenners-heritage-hall/,6,365,1.64%,11.8
https://weddingmaps.com/venue/the-harbor-rockwall/,6,343,1.75%,35.76
https://weddingmaps.com/venue/holland-ridge-farms/,6,106,5.66%,13.64
https://weddingmaps.com/venue/big-butte-retreat/,6,27,22.22%,5.44
https://weddingmaps.com/14-beautiful-mandap-decoration-ideas-to-inspire-your-wedding/,5,2099,0.24%,6.74
https://weddingmaps.com/venue/looking-glass-falls/,5,2007,0.25%,14.53
https://weddingmaps.com/venue/miami-dade-county-courthouse/,5,1684,0.3%,11.12
https://weddingmaps.com/listing-location/california/,5,1424,0.35%,54.3
https://weddingmaps.com/venue/fort-buenaventura-park/,5,259,1.93%,30.66
https://weddingmaps.com/venue/hacienda-fagua/,5,248,2.02%,9.14
https://weddingmaps.com/venue/irvine-regional-park/,5,235,2.13%,15.58
https://weddingmaps.com/venue/bearsden-baptist-church/,5,118,4.24%,15.95
https://weddingmaps.com/venue/lake-crabtree-county-park/,5,94,5.32%,29.68
https://weddingmaps.com/engagement-photo-locations/georgia/,5,93,5.38%,28.77
https://weddingmaps.com/venue/rails-on-wright-street/,5,90,5.56%,6.63
https://weddingmaps.com/venue/santa-ana-metrolink-station/,5,69,7.25%,8.64
https://weddingmaps.com/venue/ohana-hale/,5,56,8.93%,12.89
https://weddingmaps.com/photographer/katinov-photography-videography-utah/,5,35,14.29%,36.06
https://weddingmaps.com/nikah-ceremony-the-complete-guide/,4,2817,0.14%,34.47
https://weddingmaps.com/armenian-wedding-traditions/,4,1069,0.37%,21.97
https://weddingmaps.com/the-best-mother-son-dance-songs/,4,953,0.42%,34.17
https://weddingmaps.com/venue/halton-house/,4,755,0.53%,3.16
https://weddingmaps.com/venue/al-falah-center/,4,684,0.58%,5.04
https://weddingmaps.com/venue/cumberland-monastery/,4,589,0.68%,11.93
https://weddingmaps.com/venue/old-lyme-beach-club/,4,477,0.84%,9.5
https://weddingmaps.com/venue/freedom-park/,4,468,0.85%,7.03
https://weddingmaps.com/venue/st-vincent-de-paul-roman-catholic-church/,4,368,1.09%,27.39
https://weddingmaps.com/venue/fort-worth-water-gardens/,4,343,1.17%,15.08
https://weddingmaps.com/wedding-send-off-ideas-for-a-memorable-exit/,4,335,1.19%,45.92
https://weddingmaps.com/venue/the-barn-at-bury-court/,4,176,2.27%,21.66
https://weddingmaps.com/venue/palladio-banquet-hall/,4,154,2.6%,21.49
https://weddingmaps.com/venue/green-omnivore-farm/,4,148,2.7%,5.43
https://weddingmaps.com/venue/del-paso-country-club/,4,148,2.7%,19.47
https://weddingmaps.com/venue/john-a-finch-arboretum/,4,131,3.05%,11.11
https://weddingmaps.com/venue/saint-barbara-greek-orthodox-church/,4,122,3.28%,19.53
https://weddingmaps.com/venue/moses-h-cone-memorial-park/,4,113,3.54%,17.19
https://weddingmaps.com/contact/,4,109,3.67%,22.53
https://weddingmaps.com/venue/jj-nursery-and-garden-center/,4,90,4.44%,23.27
https://weddingmaps.com/photographer/vows-and-peaks/,4,79,5.06%,15.91
https://weddingmaps.com/venue/gifford-pinchot-state-park/,4,57,7.02%,14.79
https://weddingmaps.com/venue/mueller-park-trailhead/,4,48,8.33%,14.15
https://weddingmaps.com/venue/south-mountains-state-park/,4,35,11.43%,14.23
https://weddingmaps.com/venue/folsom-lake-state-recreation-area/,4,27,14.81%,23.04
https://weddingmaps.com/listing-location/united-states/,3,5128,0.06%,68.88
https://weddingmaps.com/venue/barn-at-wolf-ridge-farm/,3,2925,0.1%,9.35
https://weddingmaps.com/venue/muslim-center-of-greater-princeton/,3,2870,0.1%,7.03
https://weddingmaps.com/5-best-websites-for-finding-the-perfect-wedding-venue-in-2025/,3,2640,0.11%,17.94
https://weddingmaps.com/venue/belvedere-estate/,3,655,0.46%,13.55
https://weddingmaps.com/venue/our-lady-of-the-mountains-catholic-church/,3,649,0.46%,10.87
https://weddingmaps.com/venue/santiago-vineyard-and-estate/,3,634,0.47%,16.99
https://weddingmaps.com/venue/the-ballroom-at-loricco-tower/,3,455,0.66%,4.85
https://weddingmaps.com/venue/winder-community-center/,3,410,0.73%,9.87
https://weddingmaps.com/venue/tpc-sugarloaf/,3,389,0.77%,8.86
https://weddingmaps.com/venue/saint-mary-catholic-church/,3,378,0.79%,29.91
https://weddingmaps.com/venue/raven-glacier-lodge/,3,342,0.88%,13.54
https://weddingmaps.com/venue/red-orchard-barn/,3,332,0.9%,9.04
https://weddingmaps.com/venue/the-castle-event-center/,3,329,0.91%,14.06
https://weddingmaps.com/venue/french-gulch-farm-and-garden/,3,326,0.92%,6.58
https://weddingmaps.com/venue/st-dorotheas-roman-catholic/,3,293,1.02%,13.01
https://weddingmaps.com/venue/teton-canyon-overview-observation-site/,3,222,1.35%,9.52
https://weddingmaps.com/rb-first-dance-wedding-songs/,3,220,1.36%,34.3
https://weddingmaps.com/venue/st-marys-church-bury-st-edmunds/,3,174,1.72%,14.29
https://weddingmaps.com/venue/dungarvan-castle/,3,168,1.79%,22.08
https://weddingmaps.com/venue/renaissance-ross-bridge-golf-resort-and-spa/,3,162,1.85%,16.06
https://weddingmaps.com/venue/new-orleans-board-of-trade/,3,155,1.94%,19.36
https://weddingmaps.com/engagement-photo-locations/rhode-island/,3,139,2.16%,54.42
https://weddingmaps.com/venue/ritchie-hill/,3,111,2.7%,14.85
https://weddingmaps.com/venue/our-lady-of-hope-roman-catholic-church/,3,103,2.91%,13.17
https://weddingmaps.com/venue/the-pinnacle-overlook/,3,88,3.41%,27.05
https://weddingmaps.com/venue/william-kain-park/,3,86,3.49%,22.09
https://weddingmaps.com/venue/first-congregational-church-of-old-lyme/,3,85,3.53%,18.02
https://weddingmaps.com/venue/woodhouse-estate/,3,81,3.7%,11.58
https://weddingmaps.com/venue/royal-gorge-route-railroad/,3,70,4.29%,15.49
https://weddingmaps.com/venue/carriage-hill-metropark/,3,66,4.55%,11.59
https://weddingmaps.com/venue/the-basilica-of-saint-mary-of-the-assumption/,3,63,4.76%,12.59
https://weddingmaps.com/venue/st-joseph-catholic-cathedral/,3,61,4.92%,12.51
https://weddingmaps.com/venue/the-triton-inn/,3,58,5.17%,13.64
https://weddingmaps.com/venue/frazier-park/,3,51,5.88%,12.8
https://weddingmaps.com/venue/point-woronzof-park/,3,51,5.88%,23.82
https://weddingmaps.com/venue/sherando-lake/,3,47,6.38%,22.68
https://weddingmaps.com/venue/boyd-lake-state-park/,3,37,8.11%,6.57
https://weddingmaps.com/venue/marsh-creek-state-park/,3,33,9.09%,10.12
https://weddingmaps.com/venue/tony-grove-lake/,3,33,9.09%,24.52
https://weddingmaps.com/venue/black-park-country-park/,3,12,25%,42
https://weddingmaps.com/chuppah-in-jewish-weddings/,2,10671,0.02%,12.21
https://weddingmaps.com/listing-location/long-island/,2,5527,0.04%,61.42
https://weddingmaps.com/mormon-weddings/,2,3372,0.06%,28.74
https://weddingmaps.com/listing-location/minnesota/,2,2829,0.07%,64.96
https://weddingmaps.com/venue/mirage-banquet-hall/,2,2215,0.09%,13.96
https://weddingmaps.com/venue/marina-del-rey-bronx/,2,1876,0.11%,25.7
https://weddingmaps.com/venue/camp-dark-waters/,2,1783,0.11%,31.64
https://weddingmaps.com/listing-location/georgia/,2,1689,0.12%,57.35
https://weddingmaps.com/venue/wild-carrot-event-space/,2,1620,0.12%,6.61
https://weddingmaps.com/venue/naperville-riverwalk/,2,1548,0.13%,33.76
https://weddingmaps.com/vietnamese-wedding-traditions/,2,1453,0.14%,33.4
https://weddingmaps.com/venue/wadley-farms/,2,1292,0.15%,13.98
https://weddingmaps.com/listing-location/belgium/,2,1253,0.16%,49.1
https://weddingmaps.com/listing-location/virginia/,2,1135,0.18%,56.98
https://weddingmaps.com/listing-location/new-york/,2,1120,0.18%,57.33
https://weddingmaps.com/venue/grand-villa-argentina/,2,1087,0.18%,16.23
https://weddingmaps.com/30-stunning-examples-of-sun-flare-photography/,2,1087,0.18%,17.66
https://weddingmaps.com/40-incredible-wedding-veil-photos/,2,969,0.21%,16.83
https://weddingmaps.com/hindu-wedding-traditions/,2,928,0.22%,18.33
https://weddingmaps.com/listing-location/michigan/,2,848,0.24%,58.96
https://weddingmaps.com/venue/adaline-acres/,2,803,0.25%,8.2
https://weddingmaps.com/listing-location/netherlands/,2,776,0.26%,53.61
https://weddingmaps.com/listing-location/idaho/,2,721,0.28%,58.44
https://weddingmaps.com/venue/brown-mountain-beach-resort/,2,707,0.28%,37.74
https://weddingmaps.com/forest-wedding-photos/,2,575,0.35%,8.45
https://weddingmaps.com/venue/bankers-club-of-mexico/,2,565,0.35%,7.98
https://weddingmaps.com/venue/barber-park-event-center/,2,525,0.38%,10.17
https://weddingmaps.com/engagement-photo-locations/florida/,2,508,0.39%,47.79
https://weddingmaps.com/venue/baps-shri-swaminarayan-mandir-chino-hills/,2,498,0.4%,15.03
https://weddingmaps.com/venue/sunset-ranch-cabins-pagosa-springs/,2,474,0.42%,12.06
https://weddingmaps.com/venue/our-lady-of-victory-catholic-church/,2,472,0.42%,6.54
https://weddingmaps.com/40-examples-of-portraits-without-faces/,2,464,0.43%,14.97
https://weddingmaps.com/venue/griggs-reservoir-boathouse/,2,456,0.44%,19.23
https://weddingmaps.com/venue/library-of-congress/,2,443,0.45%,13.55
https://weddingmaps.com/venue/cheyenne-hills-church/,2,403,0.5%,36.34
https://weddingmaps.com/venue/robert-livermore-community-center/,2,390,0.51%,17.85
https://weddingmaps.com/venue/camp-cedarcrest/,2,349,0.57%,12.25
https://weddingmaps.com/venue/st-gabriel-catholic-church/,2,344,0.58%,16.18
https://weddingmaps.com/venue/renault-winery/,2,330,0.61%,50.09
https://weddingmaps.com/venue/antigua-hacienda-de-santiago/,2,327,0.61%,13.17
https://weddingmaps.com/venue/cedar-grove-acres/,2,316,0.63%,9.17
https://weddingmaps.com/venue/saint-mary-of-stamford-parish/,2,313,0.64%,24.48
https://weddingmaps.com/venue/bella-donna-craiova/,2,300,0.67%,8.15
https://weddingmaps.com/venue/yadavindra-gardens-pinjore/,2,291,0.69%,6.3
https://weddingmaps.com/venue/st-benedict-roman-catholic-church/,2,285,0.7%,9.98
https://weddingmaps.com/venue/adobe-lodge-at-santa-clara-university/,2,271,0.74%,13.05
https://weddingmaps.com/venue/miller-nature-preserve/,2,262,0.76%,13.97
https://weddingmaps.com/venue/the-raines-law-room/,2,251,0.8%,49.45
https://weddingmaps.com/venue/battell-chapel/,2,250,0.8%,8.78
https://weddingmaps.com/venue/the-narragansett-towers/,2,246,0.81%,36.5
https://weddingmaps.com/venue/jw-marriott-los-cabos-beach-resort-and-spa/,2,238,0.84%,20.61
https://weddingmaps.com/venue/orcutt-ranch-horticultural-center/,2,228,0.88%,33.37
https://weddingmaps.com/venue/larchmont-yacht-club/,2,223,0.9%,12.79
https://weddingmaps.com/venue/el-retiro-de-san-juan/,2,208,0.96%,11.27
https://weddingmaps.com/venue/sacramento-memorial-auditorium/,2,207,0.97%,36.37
https://weddingmaps.com/listing-location/sweden/,2,206,0.97%,31.45
https://weddingmaps.com/venue/catholic-church-weisenau/,2,201,1%,6.94
https://weddingmaps.com/venue/belle-of-blue-bell/,2,190,1.05%,17.62
https://weddingmaps.com/venue/fogo-de-chao/,2,181,1.1%,5.76
https://weddingmaps.com/venue/howard-county-circuit-courthouse/,2,177,1.13%,61.58
https://weddingmaps.com/venue/alfred-b-maclay-gardens-state-park/,2,154,1.3%,27.19
https://weddingmaps.com/venue/banff-central-park/,2,147,1.36%,7.95
https://weddingmaps.com/venue/boothe-memorial-park/,2,146,1.37%,22.92
https://weddingmaps.com/venue/chiesa-santa-maria-delle-grazie/,2,135,1.48%,8.04
https://weddingmaps.com/venue/metropol-banquet-hall/,2,134,1.49%,26.1
https://weddingmaps.com/venue/adamson-estate/,2,129,1.55%,23.46
https://weddingmaps.com/venue/parsons-garden/,2,123,1.63%,24.8
https://weddingmaps.com/venue/rough-point-mansion/,2,121,1.65%,7.06
https://weddingmaps.com/venue/the-louisville-palace-theatre/,2,117,1.71%,34.96
https://weddingmaps.com/venue/paramount-ranch/,2,113,1.77%,20.6
https://weddingmaps.com/venue/historic-yates-mill-county-park/,2,112,1.79%,38.04
https://weddingmaps.com/venue/grand-lake-yacht-club/,2,109,1.83%,30.7
https://weddingmaps.com/engagement-photo-locations/north-carolina/,2,108,1.85%,52.5
https://weddingmaps.com/venue/dupont-state-forest/,2,103,1.94%,18.08
https://weddingmaps.com/venue/st-paul-the-apostle-catholic-church/,2,102,1.96%,11.97
https://weddingmaps.com/venue/potten-end-village-hall/,2,101,1.98%,11.49
https://weddingmaps.com/venue/tabacon-thermal-resort-spa/,2,98,2.04%,10.76
https://weddingmaps.com/venue/saint-elizabeth-ann-seton-church/,2,94,2.13%,16.33
https://weddingmaps.com/venue/waterfall-glen-forest-preserve/,2,94,2.13%,44.35
https://weddingmaps.com/venue/norwegian-stave-church/,2,90,2.22%,8.82
https://weddingmaps.com/venue/eastern-state-penitentiary/,2,85,2.35%,12.96
https://weddingmaps.com/venue/frankfurter-romer/,2,85,2.35%,45.87
https://weddingmaps.com/venue/deer-creek-mountain-camp/,2,84,2.38%,18.26
https://weddingmaps.com/venue/dickson-azalea-park/,2,84,2.38%,31.3
https://weddingmaps.com/venue/the-ravenswood/,2,82,2.44%,18.67
https://weddingmaps.com/venue/detroit-marriott-at-the-renaissance-center/,2,78,2.56%,13.15
https://weddingmaps.com/venue/christian-cultural-center-brooklyn-campus/,2,77,2.6%,15.49
https://weddingmaps.com/venue/st-jude-catholic-parish/,2,72,2.78%,14.03
https://weddingmaps.com/venue/bartlett-arboretum-gardens/,2,69,2.9%,15.12
https://weddingmaps.com/venue/linvilla-orchards/,2,66,3.03%,16.67
https://weddingmaps.com/venue/the-foundry-at-glassworks/,2,65,3.08%,12.95
https://weddingmaps.com/venue/the-kreeger-museum/,2,65,3.08%,17.77
https://weddingmaps.com/venue/hilton-st-louis-at-the-ballpark/,2,65,3.08%,29.95
https://weddingmaps.com/venue/the-boiler-room-at-the-power-plant/,2,62,3.23%,23
https://weddingmaps.com/venue/don-pepe-restaurant/,2,59,3.39%,11.39
https://weddingmaps.com/engagement-photo-locations/,2,56,3.57%,44.93
https://weddingmaps.com/venue/st-aloysius-roman-catholic-church/,2,51,3.92%,18
https://weddingmaps.com/venue/monrovia-canyon-park/,2,51,3.92%,18.82
https://weddingmaps.com/venue/gallery-at-liberty-prime/,2,47,4.26%,12.74
https://weddingmaps.com/venue/cove-beach-lodge/,2,45,4.44%,9.24
https://weddingmaps.com/venue/carkeek-park/,2,45,4.44%,29.84
https://weddingmaps.com/venue/mountain-wedding-garden/,2,45,4.44%,36.4
https://weddingmaps.com/venue/st-marys-henley/,2,40,5%,24.45
https://weddingmaps.com/venue/wilder-ranch-state-park/,2,38,5.26%,9.74
https://weddingmaps.com/venue/carbon-canyon-regional-park/,2,38,5.26%,13
https://weddingmaps.com/venue/river-hollow-farm/,2,38,5.26%,35.53
https://weddingmaps.com/venue/college-club-seattle/,2,37,5.41%,7.81
https://weddingmaps.com/venue/milwaukee-city-hall/,2,35,5.71%,9.54
https://weddingmaps.com/venue/aspen-grove/,2,34,5.88%,18.91
https://weddingmaps.com/venue/curtiss-hotel/,2,27,7.41%,18.7
https://weddingmaps.com/venue/frankenstein-castle/,2,26,7.69%,5.5
https://weddingmaps.com/venue/the-quarterdeck-boathouse-event-center/,2,22,9.09%,10.55
https://weddingmaps.com/venue/mirror-lake/,2,15,13.33%,10.07
https://weddingmaps.com/venue/spencer-glacier/,2,7,28.57%,3.43
https://weddingmaps.com/the-hora-jewish-wedding-dance/,1,5383,0.02%,17.7
https://weddingmaps.com/venue/fred-w-symmes-chapel-aka-pretty-place/,1,3164,0.03%,20.21
https://weddingmaps.com/wedding-recessional-tips-and-inspiration/,1,3007,0.03%,7.8
https://weddingmaps.com/korean-wedding-traditions/,1,2671,0.04%,21.93
https://weddingmaps.com/wedding-arches-and-arbors/,1,2578,0.04%,14.24
https://weddingmaps.com/venue/bourne-mansion/,1,2561,0.04%,16.97
https://weddingmaps.com/listing-location/chicago/,1,1951,0.05%,72.05
https://weddingmaps.com/listing-location/fort-worth/,1,1920,0.05%,54.31
https://weddingmaps.com/groom-boutonniere/,1,1895,0.05%,12.71
https://weddingmaps.com/listing-location/connecticut/,1,1784,0.06%,58.73
https://weddingmaps.com/venue/kingdom-hall-of-jehovahs-witnesses/,1,1769,0.06%,11.97
https://weddingmaps.com/listing-location/colorado/,1,1641,0.06%,64.09
https://weddingmaps.com/listing-location/ohio/,1,1628,0.06%,53.34
https://weddingmaps.com/best-elopement-photographers/colorado/,1,1608,0.06%,69.15
https://weddingmaps.com/listing-location/montana/,1,1581,0.06%,55.14
https://weddingmaps.com/venue/aria-wedding-banquet-facility/,1,1403,0.07%,28.81
https://weddingmaps.com/listing-location/los-angeles/,1,1402,0.07%,55.81
https://weddingmaps.com/listing-location/utah/,1,1276,0.08%,66.32
https://weddingmaps.com/listing-location/portugal/,1,1219,0.08%,71.68
https://weddingmaps.com/listing-location/scotland/,1,1202,0.08%,70.65
https://weddingmaps.com/venue/diamond-seafood-palace/,1,1148,0.09%,10.47
https://weddingmaps.com/listing-location/austin/,1,980,0.1%,81.27
https://weddingmaps.com/listing-location/pennsylvania/,1,944,0.11%,51.22
https://weddingmaps.com/20-fun-filled-indian-wedding-baraat-images/,1,907,0.11%,29.06
https://weddingmaps.com/photographer-location/florida/,1,866,0.12%,77.93
https://weddingmaps.com/venue/the-estate-at-new-albany/,1,863,0.12%,39.96
https://weddingmaps.com/venue/estate-at-florentine-gardens/,1,856,0.12%,55.44
https://weddingmaps.com/venue/ethereal-gardens/,1,819,0.12%,39.02
https://weddingmaps.com/venue/waterloo-village/,1,816,0.12%,12.78
https://weddingmaps.com/listing-location/san-francisco/,1,805,0.12%,66
https://weddingmaps.com/venue/riverdale-manor/,1,769,0.13%,24.77
https://weddingmaps.com/venue/orenas-slott-hotell-konferens-ab/,1,762,0.13%,8.56
https://weddingmaps.com/venue/barn-at-valhalla/,1,761,0.13%,8.1
https://weddingmaps.com/venue/driscoll-estate/,1,694,0.14%,5.3
https://weddingmaps.com/venue/the-willard-intercontinental/,1,691,0.14%,52.67
https://weddingmaps.com/venue/valencia-hall/,1,680,0.15%,12.19
https://weddingmaps.com/venue/jackson-manor/,1,672,0.15%,7.08
https://weddingmaps.com/venue/malibu-solstice-vineyards/,1,670,0.15%,23.94
https://weddingmaps.com/listing-location/northern-virginia/,1,662,0.15%,61.26
https://weddingmaps.com/listing-location/bowling-green/,1,651,0.15%,50.13
https://weddingmaps.com/venue/avalon-legacy-ranch/,1,609,0.16%,8.55
https://weddingmaps.com/how-many-bridesmaids-should-i-have-a-photographers-perspective/,1,591,0.17%,56.29
https://weddingmaps.com/muslim-wedding-traditions/,1,588,0.17%,39.48
https://weddingmaps.com/reggae-first-dance-wedding-songs/,1,565,0.18%,15.15
https://weddingmaps.com/venue/the-green-room/,1,553,0.18%,11.86
https://weddingmaps.com/venue/scarlet-hall/,1,551,0.18%,10.06
https://weddingmaps.com/venue/friendship-garden-and-japanese-tea-house/,1,535,0.19%,47.55
https://weddingmaps.com/venue/murrell-park/,1,531,0.19%,9.46
https://weddingmaps.com/venue/lyndhurst-mansion/,1,513,0.19%,38.13
https://weddingmaps.com/listing-location/washington/,1,512,0.2%,71.98
https://weddingmaps.com/venue/sunken-gardens/,1,509,0.2%,61.53
https://weddingmaps.com/listing-location/latin-america/,1,504,0.2%,27.36
https://weddingmaps.com/venue/white-raven/,1,502,0.2%,8.18
https://weddingmaps.com/venue/mandalay-canal-walk-at-las-colinas/,1,484,0.21%,35.24
https://weddingmaps.com/listing-location/mississippi/,1,472,0.21%,50.5
https://weddingmaps.com/venue/redondo-beach-historic-library/,1,471,0.21%,11.06
https://weddingmaps.com/venue/liverpool-cathedral/,1,400,0.25%,6.77
https://weddingmaps.com/venue/barn-at-glen-haven/,1,400,0.25%,11.53
https://weddingmaps.com/venue/whitehead-manor-conference-center/,1,378,0.26%,13.21
https://weddingmaps.com/venue/giando-on-the-water/,1,371,0.27%,25.57
https://weddingmaps.com/venue/green-gables-wedding-estate/,1,371,0.27%,49.76
https://weddingmaps.com/venue/scarborough-bluffs-park/,1,367,0.27%,26.38
https://weddingmaps.com/listing-location/massachusetts/,1,366,0.27%,47.92
https://weddingmaps.com/listing-location/louisiana/,1,362,0.28%,51.15
https://weddingmaps.com/12-lake-wedding-photography-ideas/,1,352,0.28%,39.02
https://weddingmaps.com/venue/the-farmstead/,1,350,0.29%,23.58
https://weddingmaps.com/venue/st-sophia-greek-orthodox-cathedral/,1,346,0.29%,33.92
https://weddingmaps.com/15-staircase-photoshoot-examples-for-your-inspiration/,1,337,0.3%,14.11
https://weddingmaps.com/photographer-location/ohio/,1,327,0.31%,67.63
https://weddingmaps.com/venue/laganini-lounge-bar-and-fish-house/,1,326,0.31%,13.91
https://weddingmaps.com/venue/trump-national-golf-club/,1,314,0.32%,44.35
https://weddingmaps.com/venue/bill-millers-castle/,1,310,0.32%,18.76
https://weddingmaps.com/venue/cheddington-village-hall/,1,309,0.32%,8.58
https://weddingmaps.com/venue/pine-orchard-yacht-country-club/,1,308,0.32%,12.76
https://weddingmaps.com/venue/the-chapel-at-seaside/,1,301,0.33%,26.41
https://weddingmaps.com/venue/saint-frances-of-rome-church/,1,293,0.34%,21.88
https://weddingmaps.com/venue/jefferson-county-court/,1,276,0.36%,10.96
https://weddingmaps.com/how-many-groomsmen-can-you-have-tips-from-photographers/,1,276,0.36%,27.63
https://weddingmaps.com/venue/bishop-castle/,1,270,0.37%,19.81
https://weddingmaps.com/the-best-bouquet-toss-songs-for-an-exciting-wedding-tradition/,1,267,0.37%,57.72
https://weddingmaps.com/listing-location/east-bay/,1,264,0.38%,43.04
https://weddingmaps.com/venue/the-griffith-house/,1,252,0.4%,23.37
https://weddingmaps.com/venue/folsom-powerhouse-state-historic-park/,1,246,0.41%,10.37
https://weddingmaps.com/venue/hotel-villa-giulia-ristorante-al-terrazzo/,1,246,0.41%,24.3
https://weddingmaps.com/venue/beaver-ranch-conifer-community-park/,1,242,0.41%,11.57
https://weddingmaps.com/venue/norton-hall/,1,236,0.42%,22.89
https://weddingmaps.com/venue/st-teresa-of-avila-church/,1,234,0.43%,26.49
https://weddingmaps.com/venue/riverside-state-park-bowl-and-pitcher-area/,1,224,0.45%,21.8
https://weddingmaps.com/beach/best-beach-wedding-venues-in-washington/,1,224,0.45%,43.64
https://weddingmaps.com/venue/church-of-st-ignatius-loyola/,1,223,0.45%,7.86
https://weddingmaps.com/venue/borgo-corsignano/,1,223,0.45%,23.64
https://weddingmaps.com/venue/fort-tryon-park/,1,223,0.45%,28.33
https://weddingmaps.com/venue/thornewood-castle/,1,221,0.45%,54.85
https://weddingmaps.com/venue/aldasoro-ranch/,1,220,0.45%,9.84
https://weddingmaps.com/venue/revery-north-4th-corridor/,1,220,0.45%,14.78
https://weddingmaps.com/venue/st-albans-register-office/,1,219,0.46%,30.03
https://weddingmaps.com/venue/marriott-st-louis-grand-hotel/,1,212,0.47%,34.72
https://weddingmaps.com/venue/the-biltmore-estate-and-gardens/,1,211,0.47%,60.7
https://weddingmaps.com/engagement-photo-locations/texas/,1,209,0.48%,17.19
https://weddingmaps.com/venue/pump-house-park/,1,206,0.49%,24.85
https://weddingmaps.com/venue/alila-marea-beach-resort-encinitas/,1,206,0.49%,29.25
https://weddingmaps.com/venue/gibson-ranch-regional-park/,1,205,0.49%,22.92
https://weddingmaps.com/venue/forever-farm-events/,1,204,0.49%,21.8
https://weddingmaps.com/venue/the-barn-at-wight-farm/,1,204,0.49%,38.93
https://weddingmaps.com/venue/westlake-house/,1,197,0.51%,13.87
https://weddingmaps.com/venue/the-roman-catholic-church-of-our-lady-of-the-visitation/,1,197,0.51%,20.37
https://weddingmaps.com/listing-location/arkansas/,1,197,0.51%,65.07
https://weddingmaps.com/venue/crayke-manor/,1,196,0.51%,10.59
https://weddingmaps.com/bouquet-and-garter-toss-photos/,1,196,0.51%,13.71
https://weddingmaps.com/venue/bowers-museum/,1,189,0.53%,12.81
https://weddingmaps.com/venue/beach-club-estate/,1,183,0.55%,21.76
https://weddingmaps.com/venue/the-pennsylvanian/,1,181,0.55%,21.82
https://weddingmaps.com/best-elopement-photographers/,1,181,0.55%,60.94
https://weddingmaps.com/venue/the-french-farmhouse/,1,179,0.56%,28.77
https://weddingmaps.com/venue/thornton-manor-estate/,1,177,0.56%,49.03
https://weddingmaps.com/venue/the-millstone/,1,176,0.57%,14.17
https://weddingmaps.com/venue/coast-guard-academy-mwr/,1,172,0.58%,10.18
https://weddingmaps.com/14-creative-seated-pose-ideas-for-engagement-and-wedding-photography/,1,172,0.58%,11.85
https://weddingmaps.com/venue/castle-key-distillery/,1,172,0.58%,17.49
https://weddingmaps.com/venue/mobile-botanical-gardens/,1,171,0.58%,14.34
https://weddingmaps.com/venue/the-stockton-inn/,1,171,0.58%,19.21
https://weddingmaps.com/venue/pio-pico-state-historic-park/,1,168,0.6%,7.67
https://weddingmaps.com/venue/san-carlos-cathedral/,1,165,0.61%,18.01
https://weddingmaps.com/photographer/mary-webb/,1,162,0.62%,6.23
https://weddingmaps.com/venue/churchill-downs/,1,162,0.62%,26.51
https://weddingmaps.com/venue/mission-basilica-san-juan-capistrano/,1,161,0.62%,28.29
https://weddingmaps.com/venue/sea-breeze-point-at-disneys-boardwalk/,1,160,0.62%,24.88
https://weddingmaps.com/venue/omni-grove-park-inn/,1,160,0.62%,45.18
https://weddingmaps.com/venue/deer-creek-ridge/,1,156,0.64%,24.31
https://weddingmaps.com/venue/loft-lucia/,1,153,0.65%,48
https://weddingmaps.com/engagement-photo-locations/pennsylvania/,1,152,0.66%,36.41
https://weddingmaps.com/venue/derbes-mansion/,1,151,0.66%,15.53
https://weddingmaps.com/venue/alisal-guest-ranch-and-resort/,1,150,0.67%,24.09
https://weddingmaps.com/venue/sunrise-banquet-hall-and-event-center/,1,148,0.68%,39.46
https://weddingmaps.com/venue/the-mv-skansonia/,1,148,0.68%,41.55
https://weddingmaps.com/venue/ohio-statehouse/,1,147,0.68%,19.03
https://weddingmaps.com/venue/hilton-dallas-rockwall-lakefront/,1,147,0.68%,48.71
https://weddingmaps.com/venue/the-casino-san-clemente/,1,145,0.69%,31.17
https://weddingmaps.com/venue/washington-park-mount-vernon-garden/,1,139,0.72%,13.18
https://weddingmaps.com/venue/jc-raulston-arboretum/,1,139,0.72%,18.06
https://weddingmaps.com/venue/whittemore-robbins-house/,1,137,0.73%,15.46
https://weddingmaps.com/venue/trinity-overlook-park/,1,137,0.73%,20.8
https://weddingmaps.com/venue/south-farms/,1,136,0.74%,24.53
https://weddingmaps.com/venue/the-ritz-carlton-tysons-corner/,1,133,0.75%,38.72
https://weddingmaps.com/engagement-photo-locations/california/sacramento/,1,132,0.76%,47.77
https://weddingmaps.com/venue/bold-rock-brewery/,1,131,0.76%,17.89
https://weddingmaps.com/venue/cathedral-of-the-blessed-sacrament/,1,130,0.77%,22.35
https://weddingmaps.com/venue/meeks-bay-resort/,1,129,0.78%,12.63
https://weddingmaps.com/venue/brick-mortar-north-4th-corridor/,1,128,0.78%,22.67
https://weddingmaps.com/venue/fort-fisher-state-recreation-area/,1,127,0.79%,14.58
https://weddingmaps.com/venue/oak-hills-reception-and-event-center/,1,127,0.79%,25.67
https://weddingmaps.com/venue/white-memorial-conservation-center/,1,126,0.79%,11.19
https://weddingmaps.com/venue/the-hideout/,1,126,0.79%,29.06
https://weddingmaps.com/venue/mystic-marriott-hotel-spa/,1,126,0.79%,39.61
https://weddingmaps.com/venue/immaculate-conception-church-jamaica-estates/,1,125,0.8%,12.67
https://weddingmaps.com/venue/hyatt-regency-jersey-city-on-the-hudson/,1,124,0.81%,43.22
https://weddingmaps.com/venue/margaritaville-resort-orlando/,1,123,0.81%,44.85
https://weddingmaps.com/venue/rockmill-brewery/,1,122,0.82%,16.96
https://weddingmaps.com/venue/willow-tree/,1,122,0.82%,37.15
https://weddingmaps.com/venue/metaal-kathedraal/,1,120,0.83%,41.38
https://weddingmaps.com/venue/the-terrace-at-cedar-hill/,1,119,0.84%,36.66
https://weddingmaps.com/venue/pats-30-acres/,1,118,0.85%,14.91
https://weddingmaps.com/venue/fairbank-wedding-barn/,1,117,0.85%,46.19
https://weddingmaps.com/venue/the-ritz-carlton-marina-del-rey/,1,117,0.85%,55.38
https://weddingmaps.com/venue/stonebrook-manor-event-center-and-gardens/,1,116,0.86%,15.53
https://weddingmaps.com/venue/view-point-at-buckhorn-creek/,1,115,0.87%,19.09
https://weddingmaps.com/venue/jasna-polana/,1,115,0.87%,24.93
https://weddingmaps.com/venue/cross-estate-gardens/,1,115,0.87%,37.88
https://weddingmaps.com/venue/crowne-plaza-greenbelt/,1,113,0.88%,8.68
https://weddingmaps.com/venue/st-michael-and-all-angels-watford/,1,113,0.88%,13.07
https://weddingmaps.com/venue/allen-hill-farm/,1,113,0.88%,19.89
https://weddingmaps.com/venue/st-johns-lutheran-church-of-orange/,1,112,0.89%,20.25
https://weddingmaps.com/venue/venue-by-three-petals/,1,112,0.89%,28.45
https://weddingmaps.com/venue/first-united-methodist-church-of-glendale/,1,111,0.9%,18.31
https://weddingmaps.com/venue/uss-north-carolina-battleship/,1,108,0.93%,6.73
https://weddingmaps.com/venue/quail-run-ranch/,1,107,0.93%,18.42
https://weddingmaps.com/venue/mon-cheri/,1,106,0.94%,16.32
https://weddingmaps.com/venue/mountain-homeplace-farm/,1,104,0.96%,16.24
https://weddingmaps.com/venue/champagne-manor/,1,104,0.96%,20.49
https://weddingmaps.com/venue/glenmere-park/,1,103,0.97%,12.22
https://weddingmaps.com/venue/roche-harbor-resort-hotel-de-haro/,1,101,0.99%,24.28
https://weddingmaps.com/venue/columbus-park-of-roses/,1,101,0.99%,27.9
https://weddingmaps.com/venue/warren-wilson-presbyterian-church/,1,99,1.01%,12.78
https://weddingmaps.com/venue/huffman-manor/,1,99,1.01%,20.18
https://weddingmaps.com/venue/virginia-crossings-hotel-and-conference-center/,1,99,1.01%,34.77
https://weddingmaps.com/venue/tapestry-house-by-wedgewood-weddings/,1,99,1.01%,45.28
https://weddingmaps.com/venue/post-4-north-4th-corridor/,1,97,1.03%,19.66
https://weddingmaps.com/venue/saint-patricks-catholic-church/,1,97,1.03%,24.81
https://weddingmaps.com/venue/clazel-entertainment/,1,96,1.04%,12.99
https://weddingmaps.com/venue/alum-creek-farm/,1,95,1.05%,15.14
https://weddingmaps.com/venue/bishop-farmstead/,1,95,1.05%,30.17
https://weddingmaps.com/venue/the-cotton-gin-barn-at-aw-shucks/,1,94,1.06%,9.61
https://weddingmaps.com/venue/the-barn-at-sunset-ranch/,1,94,1.06%,25.3
https://weddingmaps.com/venue/sugarcreek-metropark/,1,92,1.09%,19.14
https://weddingmaps.com/venue/hayes-barton-united-methodist-church/,1,92,1.09%,19.34
https://weddingmaps.com/venue/walker-farms/,1,92,1.09%,27.34
https://weddingmaps.com/venue/bear-mill-estate/,1,92,1.09%,27.5
https://weddingmaps.com/venue/pomme-radnor/,1,92,1.09%,29.65
https://weddingmaps.com/venue/crowne-plaza-grand-rapids-airport/,1,90,1.11%,18.64
https://weddingmaps.com/venue/lake-wenatchee-state-park/,1,90,1.11%,27.9
https://weddingmaps.com/venue/birtsmorton-court/,1,89,1.12%,27.24
https://weddingmaps.com/venue/pearl-street-beach-pavilion/,1,88,1.14%,10.78
https://weddingmaps.com/venue/benedicts-plantation/,1,86,1.16%,17.95
https://weddingmaps.com/venue/brookgreen-gardens/,1,85,1.18%,32.04
https://weddingmaps.com/venue/moraine-park-amphitheater/,1,82,1.22%,15.15
https://weddingmaps.com/venue/stone-creek-park/,1,82,1.22%,15.99
https://weddingmaps.com/venue/omni-providence-hotel/,1,82,1.22%,47.99
https://weddingmaps.com/25-pictures-of-wedding-flowers-and-blooms/,1,81,1.23%,33.63
https://weddingmaps.com/venue/campbell-lodge/,1,80,1.25%,11.65
https://weddingmaps.com/10-through-a-window-wedding-portrait-ideas/,1,80,1.25%,13.72
https://weddingmaps.com/venue/black-oak-mountain-vineyards/,1,78,1.28%,30.83
https://weddingmaps.com/venue/blue-venado/,1,77,1.3%,18.95
https://weddingmaps.com/best-man-speech-jokes-for-your-inspiration/,1,77,1.3%,52.95
https://weddingmaps.com/venue/adamson-house/,1,76,1.32%,46.82
https://weddingmaps.com/venue/colorado-cherry-company-at-lyons/,1,75,1.33%,44.48
https://weddingmaps.com/venue/the-vault/,1,75,1.33%,46.56
https://weddingmaps.com/venue/fountain-view-event-venue/,1,73,1.37%,8.05
https://weddingmaps.com/venue/st-charles-borromeo-catholic-church-livermore/,1,72,1.39%,9.97
https://weddingmaps.com/venue/portobello-ballroom/,1,72,1.39%,35.88
https://weddingmaps.com/venue/schloss-assumstadt/,1,71,1.41%,28.63
https://weddingmaps.com/venue/imperial-garden-ballroom/,1,70,1.43%,9.54
https://weddingmaps.com/photographer/tkm-photography/,1,69,1.45%,14.62
https://weddingmaps.com/venue/st-sylvester-catholic-church/,1,68,1.47%,19.26
https://weddingmaps.com/venue/auburn-state-recreation-area-ranger-station/,1,66,1.52%,8.68
https://weddingmaps.com/wedding-toast-pictures/,1,66,1.52%,12.05
https://weddingmaps.com/venue/st-thomas-apostle-catholic-church/,1,66,1.52%,23.45
https://weddingmaps.com/engagement-photo-locations/massachusetts/,1,66,1.52%,62.36
https://weddingmaps.com/venue/calgary-hellenic-banquet-hall/,1,65,1.54%,16.89
https://weddingmaps.com/engagement-photo-locations/ohio/,1,65,1.54%,23.68
https://weddingmaps.com/venue/catalina-view-gardens/,1,65,1.54%,37.6
https://weddingmaps.com/venue/arbor-at-the-port/,1,65,1.54%,45.75
https://weddingmaps.com/photographer/love-legacy-studios/,1,64,1.56%,6.67
https://weddingmaps.com/venue/jetton-park/,1,64,1.56%,14.11
https://weddingmaps.com/venue/mont-la-salle/,1,63,1.59%,25.92
https://weddingmaps.com/venue/walnut-hill-farm/,1,63,1.59%,32.02
https://weddingmaps.com/venue/saint-katherines-greek-orthodox-church/,1,62,1.61%,26.44
https://weddingmaps.com/venue/steamboat-lake-state-park/,1,62,1.61%,48.76
https://weddingmaps.com/venue/environmental-services-building/,1,61,1.64%,21.05
https://weddingmaps.com/venue/camp-ockanickon-ymca-of-the-pines/,1,59,1.69%,12.19
https://weddingmaps.com/venue/st-marys-chapel/,1,58,1.72%,21.33
https://weddingmaps.com/venue/the-seelbach-hilton-louisville/,1,58,1.72%,25.66
https://weddingmaps.com/venue/jeffrey-open-space-trail/,1,58,1.72%,28.41
https://weddingmaps.com/venue/sleepy-ridge-weddings/,1,58,1.72%,34.62
https://weddingmaps.com/courthouse-wedding-guide-dos-and-donts-for-your-special-day/,1,58,1.72%,41.79
https://weddingmaps.com/photographer/dave-moss/,1,57,1.75%,9.7
https://weddingmaps.com/venue/hyatt-regency-lost-pines/,1,56,1.79%,35.36
https://weddingmaps.com/venue/doubletree-by-hilton-fairfield-hotel-suites/,1,55,1.82%,29.31
https://weddingmaps.com/venue/first-presbyterian-church/,1,53,1.89%,12.77
https://weddingmaps.com/venue/the-steam-plant/,1,53,1.89%,35.06
https://weddingmaps.com/photographer/mihoci-studios/,1,52,1.92%,7.4
https://weddingmaps.com/venue/east-granby-farms/,1,51,1.96%,23.59
https://weddingmaps.com/venue/ravenswood-historic-site/,1,51,1.96%,46.41
https://weddingmaps.com/venue/rocky-mountain-national-park/,1,51,1.96%,84.78
https://weddingmaps.com/photographer/hallie-sigwing/,1,50,2%,7.8
https://weddingmaps.com/venue/fords-colony-country-club/,1,50,2%,17.3
https://weddingmaps.com/venue/the-elks-tower-casino-and-event-center/,1,50,2%,21.5
https://weddingmaps.com/venue/royal-vista-golf-club/,1,50,2%,24.48
https://weddingmaps.com/venue/kaden-tower-civic-center/,1,48,2.08%,8.85
https://weddingmaps.com/venue/st-michael-and-all-angels-church-kirkby/,1,47,2.13%,10.62
https://weddingmaps.com/venue/st-mark-church/,1,47,2.13%,22.19
https://weddingmaps.com/venue/the-mill-in-lindale/,1,47,2.13%,28.49
https://weddingmaps.com/venue/old-sugar-mill/,1,47,2.13%,46.3
https://weddingmaps.com/venue/convento-capuchinas/,1,46,2.17%,9.02
https://weddingmaps.com/venue/st-anns-catholic-church/,1,46,2.17%,21
https://weddingmaps.com/venue/nunsmere-hall-hotel/,1,46,2.17%,57.3
https://weddingmaps.com/venue/grace-evangelical-lutheran-church/,1,45,2.22%,11.24
https://weddingmaps.com/venue/griffin-gate-marriott-golf-resort-and-spa/,1,45,2.22%,46.53
https://weddingmaps.com/venue/bahia-corinthian-yacht-club/,1,44,2.27%,25.75
https://weddingmaps.com/venue/the-heirloom-inn/,1,44,2.27%,30.32
https://weddingmaps.com/venue/whitehall/,1,44,2.27%,40.52
https://weddingmaps.com/photographer/kristie-montrois-elopements-and-weddings/,1,43,2.33%,12.53
https://weddingmaps.com/venue/st-peter-chanel-catholic-church/,1,43,2.33%,29.35
https://weddingmaps.com/venue/the-chalet-at-government-peak/,1,42,2.38%,22.95
https://weddingmaps.com/venue/hotel-leveque-autograph-collection/,1,41,2.44%,10.95
https://weddingmaps.com/venue/the-london-west-hollywood/,1,41,2.44%,46.88
https://weddingmaps.com/venue/shore-country-club/,1,40,2.5%,13.43
https://weddingmaps.com/venue/woodoaks-farm/,1,40,2.5%,13.72
https://weddingmaps.com/venue/nc-aquarium-at-pine-knoll-shores/,1,40,2.5%,19.85
https://weddingmaps.com/venue/relais-castello-di-casiglio/,1,39,2.56%,13.54
https://weddingmaps.com/venue/starr-mountain/,1,39,2.56%,34.28
https://weddingmaps.com/venue/riu-palace-tropical-bay/,1,38,2.63%,23
https://weddingmaps.com/venue/valley-presbyterian-church/,1,38,2.63%,27.39
https://weddingmaps.com/venue/cathedral-park/,1,38,2.63%,30.97
https://weddingmaps.com/venue/arnold-arboretum-of-harvard-university/,1,38,2.63%,33.66
https://weddingmaps.com/photographer/tom-lebsack/,1,37,2.7%,6.46
https://weddingmaps.com/photographer/erika-and-lanny-mann/,1,36,2.78%,14.08
https://weddingmaps.com/venue/maugle-sierra-vineyards/,1,36,2.78%,21.11
https://weddingmaps.com/venue/martells-waters-edge/,1,36,2.78%,23.56
https://weddingmaps.com/venue/tennessee-aquarium/,1,36,2.78%,25.5
https://weddingmaps.com/venue/glen-echo-park/,1,36,2.78%,34.47
https://weddingmaps.com/venue/ev-kirche-des-guten-hirten-diersburg/,1,35,2.86%,8.06
https://weddingmaps.com/photographer/roddy-chung-photography/,1,35,2.86%,8.43
https://weddingmaps.com/venue/tin-cup-lodge/,1,35,2.86%,9.23
https://weddingmaps.com/venue/griffith-park/,1,35,2.86%,33.83
https://weddingmaps.com/venue/the-westin-great-southern-columbus/,1,34,2.94%,41.53
https://weddingmaps.com/venue/tandy-hills-natural-area/,1,33,3.03%,16.15
https://weddingmaps.com/venue/omni-louisville-hotel/,1,33,3.03%,17.18
https://weddingmaps.com/photographer/dave-shay/,1,32,3.12%,7.5
https://weddingmaps.com/photographer/david-butler/,1,32,3.12%,9.75
https://weddingmaps.com/venue/longs-park/,1,32,3.12%,12.25
https://weddingmaps.com/venue/sheraton-park-hotel-at-the-anaheim-resort/,1,32,3.12%,26.66
https://weddingmaps.com/venue/st-stevens-serbian-orthodox-cathedral/,1,31,3.23%,19.77
https://weddingmaps.com/venue/grand-tradition-estate-and-gardens/,1,31,3.23%,44.94
https://weddingmaps.com/venue/blue-goose-event-center/,1,30,3.33%,18.6
https://weddingmaps.com/venue/webster-arboretum/,1,30,3.33%,23.9
https://weddingmaps.com/venue/doubletree-by-hilton-boston-westborough/,1,30,3.33%,32.1
https://weddingmaps.com/venue/donner-memorial-state-park/,1,29,3.45%,15.79
https://weddingmaps.com/venue/viansa-winery/,1,29,3.45%,61.93
https://weddingmaps.com/venue/la-costa-galbusera-nera-ristorante-e-cantina/,1,28,3.57%,6.25
https://weddingmaps.com/venue/mannheim-palace/,1,28,3.57%,13.32
https://weddingmaps.com/venue/hauser-lake-farm/,1,28,3.57%,16.11
https://weddingmaps.com/venue/inn-at-the-colonnade-baltimore-a-doubletree-by-hilton/,1,28,3.57%,16.11
https://weddingmaps.com/venue/tom-mccall-waterfront-park/,1,28,3.57%,16.57
https://weddingmaps.com/photographer/ether-photography-studios/,1,28,3.57%,17.25
https://weddingmaps.com/venue/little-rock-marriott/,1,27,3.7%,27.7
https://weddingmaps.com/venue/the-westin-carlsbad-resort-and-spa/,1,25,4%,33.72
https://weddingmaps.com/listing-location/des-moines/,1,25,4%,67.88
https://weddingmaps.com/venue/owenego-inn/,1,24,4.17%,31.58
https://weddingmaps.com/venue/mitchells-mountain-meadows/,1,23,4.35%,8.87
https://weddingmaps.com/venue/zephyr-palace/,1,23,4.35%,30.43
https://weddingmaps.com/venue/cork-wine-and-tapas/,1,23,4.35%,34.43
https://weddingmaps.com/venue/negril-tree-house-resort/,1,22,4.55%,33.64
https://weddingmaps.com/engagement-photo-locations/california/,1,22,4.55%,60.23
https://weddingmaps.com/photographer/zee-anna/,1,21,4.76%,15.38
https://weddingmaps.com/venue/hermit-park-open-space/,1,21,4.76%,18.38
https://weddingmaps.com/venue/st-patrick-catholic-church/,1,21,4.76%,20.9
https://weddingmaps.com/venue/stevens-institute-of-technology/,1,20,5%,7.05
https://weddingmaps.com/photographer/larsen-photo-co/,1,20,5%,17.85
https://weddingmaps.com/venue/the-joseph-smith-memorial-building/,1,20,5%,23.85
https://weddingmaps.com/photographer/marlies-hartmann/,1,19,5.26%,8.11
https://weddingmaps.com/venue/caspers-wilderness-park/,1,19,5.26%,10.11
https://weddingmaps.com/venue/lusitano-club/,1,19,5.26%,11.89
https://weddingmaps.com/venue/keys-lounge/,1,19,5.26%,18
https://weddingmaps.com/logos/,1,18,5.56%,3.78
https://weddingmaps.com/venue/hyatt-house-naples-5th-avenue/,1,18,5.56%,8.56
https://weddingmaps.com/venue/lost-lake-resort-and-campground/,1,18,5.56%,18.22
https://weddingmaps.com/venue/strongwater/,1,18,5.56%,31.11
https://weddingmaps.com/venue/mission-dolores-park/,1,17,5.88%,9.59
https://weddingmaps.com/venue/holy-family-church/,1,17,5.88%,13.76
https://weddingmaps.com/venue/broadway-trailhead-saguaro-national-park/,1,17,5.88%,19.24
https://weddingmaps.com/venue/the-sea-pines-resort/,1,17,5.88%,28.29
https://weddingmaps.com/photographer-location/romania/,1,17,5.88%,41.59
https://weddingmaps.com/venue/agua-hedionda-nature-center/,1,16,6.25%,6.38
https://weddingmaps.com/venue/st-cecilia-roman-catholic-church/,1,16,6.25%,17.44
https://weddingmaps.com/flowers-engagement/,1,15,6.67%,8.13
https://weddingmaps.com/venue/upper-donner-lake/,1,15,6.67%,20.87
https://weddingmaps.com/participate/new-feature-venue-page-features/,1,14,7.14%,5
https://weddingmaps.com/photographer/stratos-zografos/,1,14,7.14%,5.21
https://weddingmaps.com/venue/smothers-park/,1,14,7.14%,9.43
https://weddingmaps.com/photographer/jeroen-savelkouls/,1,13,7.69%,17.38
https://weddingmaps.com/venue/berkhamsted-cricket-club/,1,12,8.33%,8
https://weddingmaps.com/venue/ensign-peak/,1,11,9.09%,1.82
https://weddingmaps.com/venue/potter-marsh-bird-sanctuary/,1,11,9.09%,9
https://weddingmaps.com/venue/quail-hill/,1,11,9.09%,28.64
https://weddingmaps.com/photographer/ws-photography/?private_preview=f6a5f4010c,1,10,10%,14.3
https://weddingmaps.com/venue/ogden-valley/,1,10,10%,23.6
https://weddingmaps.com/best-elopement-photography-locations/,1,10,10%,25.4
https://weddingmaps.com/venue/bharat-hindu-samaj-mandir/,1,9,11.11%,13.22
https://weddingmaps.com/venue/northstone-country-club/,1,9,11.11%,21.22
https://weddingmaps.com/venue/malmo/,1,8,12.5%,6.38
https://weddingmaps.com/venue/sodus-bay-heights-golf-club/,1,8,12.5%,12.12
https://weddingmaps.com/photographer/sofia-camplioni/,1,7,14.29%,21.14
https://weddingmaps.com/venue/saint-monicas-catholic-church/,1,6,16.67%,6.33
https://weddingmaps.com/photographer/humberto-barbosa-·-portugal-wedding-photographer/,1,4,25%,4
https://weddingmaps.com/reasons-to-book-an-elopement-package/,1,4,25%,4.25
https://weddingmaps.com/venue/our-lady-of-lourdes/,1,4,25%,7.25
https://weddingmaps.com/venue/willen-lake/,1,4,25%,8
https://weddingmaps.com/venue/steall-falls/,1,4,25%,10
https://weddingmaps.com/venue/hampstead-heath/,1,4,25%,23
https://weddingmaps.com/venue/center-church-on-the-green/,1,3,33.33%,2.33
https://weddingmaps.com/venue/top-of-the-world/,1,2,50%,1
https://weddingmaps.com/venue/lake-oak-meadows/,1,2,50%,7
https://weddingmaps.com/venue/faroe-islands/,1,1,100%,37
https://weddingmaps.com/venue/ponce-city-market/,1,1,100%,70
https://weddingmaps.com/venue/scarlet-oaks-estate/,0,5712,0%,3.77
https://weddingmaps.com/listing-location/dallas/,0,4566,0%,64.8
https://weddingmaps.com/greek-wedding-traditions/,0,2891,0%,40.05
https://weddingmaps.com/photographer-location/europe/,0,2411,0%,70.43
https://weddingmaps.com/listing-location/mexico/,0,2283,0%,67.27
https://weddingmaps.com/listing-location/north-carolina/,0,2202,0%,56.47
https://weddingmaps.com/listing-location/maryland/,0,2184,0%,59.67
https://weddingmaps.com/venue/cracoe-village-hall/,0,2122,0%,6.82
https://weddingmaps.com/listing-location/central-coast/,0,2041,0%,51.3
https://weddingmaps.com/using-qr-codes-for-wedding-photo-collection/,0,2004,0%,71.21
https://weddingmaps.com/venue/mcgill-rose-garden/,0,1797,0%,8.8
https://weddingmaps.com/photographer-location/massachusetts/,0,1741,0%,72.01
https://weddingmaps.com/listing-location/illinois/,0,1733,0%,49.91
https://weddingmaps.com/wedding-photojournalism-inspiration-and-tips/,0,1712,0%,23.34
https://weddingmaps.com/15-proposal-ideas-that-practically-guarantee-a-yes/,0,1707,0%,61.02
https://weddingmaps.com/listing-location/seattle/,0,1677,0%,69.26
https://weddingmaps.com/how-long-does-a-wedding-reception-last/,0,1596,0%,59.49
https://weddingmaps.com/listing-location/united-kingdom/,0,1572,0%,66.7
https://weddingmaps.com/listing-location/costa-rica/,0,1544,0%,51.19
https://weddingmaps.com/listing-location/washington-dc/,0,1498,0%,60.34
https://weddingmaps.com/listing-location/louisville/,0,1460,0%,57.73
https://weddingmaps.com/venue/casa-real-at-ruby-hill-winery/,0,1445,0%,54.94
https://weddingmaps.com/listing-location/ireland/,0,1437,0%,69.87
https://weddingmaps.com/beach/best-beach-wedding-venues-in-north-carolina/,0,1420,0%,46.97
https://weddingmaps.com/venue/the-hesed-house/,0,1393,0%,7.3
https://weddingmaps.com/create-a-wedding-ceremony-timeline-how-long-is-a-wedding-ceremony/,0,1337,0%,69.36
https://weddingmaps.com/rooftop/best-rooftop-wedding-venues-in-nyc/,0,1335,0%,57.02
https://weddingmaps.com/beach/best-beach-wedding-venues-in-florida/,0,1315,0%,66.99
https://weddingmaps.com/listing-location/alabama/,0,1289,0%,55.78
https://weddingmaps.com/photographer-location/colorado/,0,1275,0%,79.73
https://weddingmaps.com/listing-location/maine/,0,1245,0%,66.38
https://weddingmaps.com/venue/hidden-pines-hurst-by-walters-wedding-estates/,0,1241,0%,34.65
https://weddingmaps.com/venue/the-wildflower-barn-at-little-river/,0,1234,0%,33.89
https://weddingmaps.com/sikh-wedding-traditions/,0,1226,0%,14.98
https://weddingmaps.com/chinese-wedding-traditions/,0,1212,0%,37.64
https://weddingmaps.com/photographer-location/maryland/,0,1205,0%,73.31
https://weddingmaps.com/venue/the-olmsted/,0,1174,0%,11.28
https://weddingmaps.com/venue/queens-borough-hall/,0,1144,0%,24.83
https://weddingmaps.com/venue/morgan-creek-barn-by-walters-wedding-estates-dripping-springs/,0,1143,0%,20.18
https://weddingmaps.com/venue/midtown-loft-and-terrace/,0,1127,0%,22.63
https://weddingmaps.com/photographer-location/san-francisco/,0,1108,0%,83.96
https://weddingmaps.com/venue/the-griffin-house-on-the-columbia-river-gorge/,0,1106,0%,58.37
https://weddingmaps.com/catholic-wedding-vows/,0,1097,0%,43
https://weddingmaps.com/listing-location/czech-republic/,0,1095,0%,57.84
https://weddingmaps.com/listing-location/france/,0,1075,0%,70.4
https://weddingmaps.com/venue/nice-france/,0,1073,0%,52.34
https://weddingmaps.com/venue/rust-manor-house/,0,1073,0%,55.28
https://weddingmaps.com/listing-location/barbados/,0,1071,0%,58.99
https://weddingmaps.com/beautiful-chuppah-pictures-for-jewish-wedding-tradition/,0,1059,0%,16.8
https://weddingmaps.com/10-high-angle-photography-examples/,0,1032,0%,27.48
https://weddingmaps.com/do-you-tip-your-wedding-photographer/,0,1024,0%,51.75
https://weddingmaps.com/rooftop/best-rooftop-wedding-venues-in-atlanta/,0,1014,0%,39.39
https://weddingmaps.com/japanese-wedding-traditions/,0,1004,0%,58.43
https://weddingmaps.com/venue/the-legacy-castle/,0,984,0%,41.43
https://weddingmaps.com/listing-location/central-valley/,0,965,0%,46.91
https://weddingmaps.com/venue/st-lorenzo-ruiz-catholic-church/,0,948,0%,7.92
https://weddingmaps.com/venue/the-venues-toledo/,0,940,0%,53.47
https://weddingmaps.com/listing-location/croatia/,0,928,0%,64.36
https://weddingmaps.com/photographer-location/washington/,0,928,0%,80.19
https://weddingmaps.com/wedding-reception-checklist/,0,912,0%,71.33
https://weddingmaps.com/venue/the-davenport-mansion-on-the-sound/,0,895,0%,14.17
https://weddingmaps.com/rooftop/best-rooftop-wedding-venues-in-chicago/,0,880,0%,46.48
https://weddingmaps.com/listing-location/ontario/,0,866,0%,61.29
https://weddingmaps.com/listing-location/malta/,0,866,0%,66.23
https://weddingmaps.com/venue/twickenham-house/,0,854,0%,36.46
https://weddingmaps.com/venue/day-barn-indoor-pavilion/,0,850,0%,6.5
https://weddingmaps.com/listing-location/alberta/,0,835,0%,73.79
https://weddingmaps.com/how-long-should-cocktail-hour-be-at-a-wedding/,0,829,0%,37.42
https://weddingmaps.com/venue/the-estate-at-florentine-gardens/,0,818,0%,64.03
https://weddingmaps.com/venue/the-mansion-at-mountain-lakes/,0,817,0%,29.29
https://weddingmaps.com/venue/venetian/,0,815,0%,40.1
https://weddingmaps.com/venue/newport-beach-house-a-longwood-venue/,0,814,0%,36.59
https://weddingmaps.com/venue/luciens-manor/,0,803,0%,30.23
https://weddingmaps.com/listing-location/jamaica/,0,799,0%,71.37
https://weddingmaps.com/venue/the-ryland-inn/,0,797,0%,55.32
https://weddingmaps.com/beach/,0,786,0%,64.49
https://weddingmaps.com/venue/the-waterview/,0,784,0%,49.89
https://weddingmaps.com/venue/the-dearborn-inn-a-marriott-hotel/,0,776,0%,10.35
https://weddingmaps.com/venue/the-beverly-hills-hotel/,0,776,0%,41.71
https://weddingmaps.com/venue/historic-acres-of-hershey/,0,774,0%,36.61
https://weddingmaps.com/venue/glen-manor-house/,0,766,0%,66.17
https://weddingmaps.com/photographer-location/texas/,0,765,0%,71.12
https://weddingmaps.com/listing-location/tennessee/,0,763,0%,60.84
https://weddingmaps.com/listing-location/iceland/,0,757,0%,39.41
https://weddingmaps.com/venue/moonstone-manor/,0,755,0%,33.22
https://weddingmaps.com/venue/the-hamilton-manor/,0,751,0%,35.34
https://weddingmaps.com/venue/harmony-hall-estate/,0,750,0%,27.91
https://weddingmaps.com/venue/the-addison-park/,0,743,0%,50.25
https://weddingmaps.com/venue/the-tides-estate/,0,741,0%,41.51
https://weddingmaps.com/venue/villa-de-amore/,0,728,0%,34.9
https://weddingmaps.com/8-wedding-by-candlelight-ideas-to-add-magic-and-romance/,0,726,0%,27.88
https://weddingmaps.com/african-wedding-traditions/,0,725,0%,38.12
https://weddingmaps.com/venue/brighton-abbey/,0,724,0%,34.56
https://weddingmaps.com/venue/serendipity-garden-weddings/,0,721,0%,20.66
https://weddingmaps.com/rooftop/best-rooftop-wedding-venues-in-los-angeles/,0,721,0%,32.23
https://weddingmaps.com/venue/bear-brook-valley/,0,716,0%,39.33
https://weddingmaps.com/venue/pen-ryn-estate/,0,714,0%,50.17
https://weddingmaps.com/venue/black-canyon-inn/,0,712,0%,45.71
https://weddingmaps.com/venue/franciscan-gardens/,0,712,0%,49.07
https://weddingmaps.com/venue/hartford-city-hall/,0,711,0%,44.45
https://weddingmaps.com/venue/candlewood-inn/,0,709,0%,39.23
https://weddingmaps.com/first-look-wedding-photos/,0,709,0%,46.97
https://weddingmaps.com/venue/south-gate-manor/,0,700,0%,31.67
https://weddingmaps.com/venue/naninas-in-the-park/,0,699,0%,47.18
https://weddingmaps.com/venue/villa-woodbine/,0,699,0%,56.05
https://weddingmaps.com/venue/cruiseport-gloucester/,0,698,0%,31.37
https://weddingmaps.com/beach/best-beach-wedding-venues-in-southern-california/,0,695,0%,63.81
https://weddingmaps.com/venue/park-chateau-estate-and-gardens/,0,694,0%,69.28
https://weddingmaps.com/listing-location/guatemala/,0,689,0%,50.3
https://weddingmaps.com/venue/stone-house-at-stirling-ridge-restaurant-and-events/,0,688,0%,64.42
https://weddingmaps.com/venue/stonehurst-at-hampton-valley/,0,687,0%,36.59
https://weddingmaps.com/venue/iron-manor/,0,686,0%,38.28
https://weddingmaps.com/listing-location/sacramento/,0,686,0%,70.02
https://weddingmaps.com/venue/the-piermont/,0,671,0%,44.56
https://weddingmaps.com/venue/woodend-sanctuary-mansion/,0,663,0%,33.02
https://weddingmaps.com/venue/palisadium-u-s-a/,0,653,0%,25.35
https://weddingmaps.com/venue/the-gramercy-at-lakeside-manor/,0,653,0%,39.85
https://weddingmaps.com/venue/maritime-parc/,0,651,0%,51.22
https://weddingmaps.com/venue/country-charm-events/,0,642,0%,8.59
https://weddingmaps.com/venue/hollyhedge-estate/,0,642,0%,51.36
https://weddingmaps.com/listing-location/rhode-island/,0,640,0%,62.73
https://weddingmaps.com/venue/whitby-castle/,0,639,0%,70.6
https://weddingmaps.com/listing-location/kansas-city-missouri/,0,629,0%,71.01
https://weddingmaps.com/beach/best-beach-wedding-venues-in-oregon/,0,624,0%,50.34
https://weddingmaps.com/venue/marina-del-rey/,0,618,0%,46.08
https://weddingmaps.com/photographer/erich-mcvey/,0,617,0%,7.46
https://weddingmaps.com/venue/brandywine-manor-house-inn/,0,616,0%,35.44
https://weddingmaps.com/venue/the-riverview/,0,612,0%,32.26
https://weddingmaps.com/venue/los-robles-greens/,0,608,0%,54.96
https://weddingmaps.com/the-best-garter-toss-songs-for-an-unforgettable-moment/,0,607,0%,52.74
https://weddingmaps.com/venue/pinecrest-weddings-event-center/,0,605,0%,12.27
https://weddingmaps.com/venue/surf-club-on-the-sound/,0,603,0%,17.47
https://weddingmaps.com/venue/sea-cliff-manor/,0,600,0%,41.24
https://weddingmaps.com/listing-location/new-mexico/,0,600,0%,50.63
https://weddingmaps.com/photographer/amrit-photography/,0,594,0%,8.15
https://weddingmaps.com/venue/gamma-monterrey-gran-hotel-ancira/,0,591,0%,30.73
https://weddingmaps.com/venue/bel-air-bay-club/,0,590,0%,59.68
https://weddingmaps.com/venue/st-john-church-cromwell/,0,584,0%,9.49
https://weddingmaps.com/venue/brick-gables/,0,583,0%,18.08
https://weddingmaps.com/venue/the-springs-in-rockwall-manor/,0,575,0%,22.74
https://weddingmaps.com/venue/casa-real/,0,568,0%,78.18
https://weddingmaps.com/photographer-location/pennsylvania/,0,566,0%,69.3
https://weddingmaps.com/venue/palm-event-center/,0,564,0%,59.22
https://weddingmaps.com/venue/the-laboratory-mill/,0,563,0%,29.03
https://weddingmaps.com/venue/hudson-loft/,0,563,0%,42.89
https://weddingmaps.com/30-frame-within-a-frame-examples-for-your-inspiration/,0,562,0%,48.35
https://weddingmaps.com/photographer-location/sacramento/,0,558,0%,71.87
https://weddingmaps.com/listing-location/kentucky/,0,556,0%,53.49
https://weddingmaps.com/venue/shadowbrook-at-shrewsbury/,0,551,0%,51.23
https://weddingmaps.com/venue/the-club-at-ruby-hill/,0,550,0%,57.6
https://weddingmaps.com/listing-location/arizona/,0,548,0%,57.81
https://weddingmaps.com/listing-location/tacoma/,0,546,0%,63.49
https://weddingmaps.com/photographer-location/united-kingdom/,0,543,0%,77.14
https://weddingmaps.com/venue/costa-rica-marriott-hotel-hacienda-belen/,0,537,0%,21.27
https://weddingmaps.com/venue/valley-regency/,0,533,0%,39.33
https://weddingmaps.com/what-is-a-ketubah-the-jewish-marriage-contract/,0,531,0%,52.1
https://weddingmaps.com/venue/provo-city-center-temple/,0,529,0%,47.7
https://weddingmaps.com/engagement-announcement-ideas/,0,528,0%,48.52
https://weddingmaps.com/listing-location/orange-county/,0,521,0%,56.65
https://weddingmaps.com/venue/belmont-manor-and-historic-park/,0,519,0%,46.03
https://weddingmaps.com/venue/york-wedding-chapel/,0,517,0%,7.43
https://weddingmaps.com/venue/rachels-lakeside/,0,510,0%,6.24
https://weddingmaps.com/venue/rock-island-lake-club/,0,505,0%,46.86
https://weddingmaps.com/venue/taglyan-cultural-complex/,0,503,0%,14.6
https://weddingmaps.com/venue/north-carolina-museum-of-art/,0,497,0%,12.6
https://weddingmaps.com/venue/yosemite-national-park/,0,495,0%,67.52
https://weddingmaps.com/venue/the-pavilion-at-walker-century-farms/,0,494,0%,11.57
https://weddingmaps.com/listing-location/oregon/,0,494,0%,67.8
https://weddingmaps.com/venue/east-wind-long-island/,0,488,0%,49.87
https://weddingmaps.com/questions-to-ask-a-wedding-venue/,0,484,0%,74.04
https://weddingmaps.com/how-to-write-a-maid-of-honor-speech/,0,483,0%,59.33
https://weddingmaps.com/venue/hidden-pines-chapel/,0,483,0%,63.4
https://weddingmaps.com/30-adventure-elopement-photography-ideas-and-examples-for-your-inspiration/,0,483,0%,67.42
https://weddingmaps.com/venue/the-bradford/,0,477,0%,43.03
https://weddingmaps.com/venue/knotting-hill-place/,0,477,0%,52.77
https://weddingmaps.com/venue/shendish-manor-hotel-golf-course/,0,472,0%,26.06
https://weddingmaps.com/venue/antelope-valley-winery/,0,468,0%,10.68
https://weddingmaps.com/venue/cipriani-club-residences-wall-street/,0,467,0%,39.59
https://weddingmaps.com/venue/stone-house-at-stirling-ridge/,0,464,0%,63.43
https://weddingmaps.com/venue/tacoma-courthouse-square/,0,463,0%,11.72
https://weddingmaps.com/venue/zukas-hilltop-barn/,0,461,0%,18.03
https://weddingmaps.com/venue/bella-donna-chapel/,0,447,0%,28.32
https://weddingmaps.com/venue/louisville-water-tower-park/,0,447,0%,53.58
https://weddingmaps.com/venue/heyward-manor/,0,438,0%,7.05
https://weddingmaps.com/venue/christies-of-genesee-wedding-and-event-venue/,0,435,0%,9.46
https://weddingmaps.com/venue/the-vanlandingham-estate/,0,434,0%,16.12
https://weddingmaps.com/venue/the-vineyards-in-simi-valley/,0,430,0%,37.07
https://weddingmaps.com/beach/best-beach-wedding-venues-in-south-carolina/,0,428,0%,44.33
https://weddingmaps.com/venue/chapel-at-ana-villa/,0,425,0%,32.04
https://weddingmaps.com/venue/the-goat-farm-arts-center/,0,424,0%,15.82
https://weddingmaps.com/wedding-first-kiss-tips-and-inspiration/,0,423,0%,35.2
https://weddingmaps.com/listing-location/missouri/,0,422,0%,63.3
https://weddingmaps.com/photographer-location/virginia/,0,421,0%,73.17
https://weddingmaps.com/venue/rancho-las-lomas/,0,417,0%,42.08
https://weddingmaps.com/venue/the-old-marylebone-town-hall/,0,415,0%,54.73
https://weddingmaps.com/photographer/breslow-imaging/,0,414,0%,6.2
https://weddingmaps.com/venue/alrewas-hayes/,0,412,0%,57.18
https://weddingmaps.com/venue/vail-wedding-deck/,0,409,0%,50.92
https://weddingmaps.com/venue/aria/,0,407,0%,52.83
https://weddingmaps.com/best-colorado-wedding-venues-with-mountain-views/,0,404,0%,88.78
https://weddingmaps.com/venue/tuscany-falls-banquets-events/,0,402,0%,27.38
https://weddingmaps.com/venue/morais-vineyards-and-winery/,0,398,0%,38.52
https://weddingmaps.com/venue/paradise-cove/,0,396,0%,62.73
https://weddingmaps.com/venue/oheka-castle/,0,395,0%,64
https://weddingmaps.com/venue/the-mark-twain-house-museum/,0,389,0%,18.75
https://weddingmaps.com/venue/brookside-gardens-berthoud-co/,0,387,0%,21.37
https://weddingmaps.com/venue/kananaskis-country/,0,385,0%,60.94
https://weddingmaps.com/15-surreal-dreamy-wedding-portraits-captured-with-a-tilt-shift-lens/,0,381,0%,8.48
https://weddingmaps.com/venue/skylands-manor/,0,378,0%,49.83
https://weddingmaps.com/venue/domeniul-cu-ciresi/,0,376,0%,7.97
https://weddingmaps.com/wedding-photography-styles-1/,0,375,0%,79.31
https://weddingmaps.com/venue/hemel-stags-rugby-club/,0,374,0%,12.14
https://weddingmaps.com/venue/central-park/,0,369,0%,61.83
https://weddingmaps.com/listing-location/canada/,0,365,0%,53
https://weddingmaps.com/venue/carnegie-hall-of-newport/,0,364,0%,13.79
https://weddingmaps.com/listing-location/north-dakota/,0,361,0%,50.63
https://weddingmaps.com/venue/buffalo-trace-distillery/,0,359,0%,26.49
https://weddingmaps.com/venue/carnegie-museum-of-art/,0,358,0%,28.65
https://weddingmaps.com/venue/the-estate-at-sunset-farm/,0,357,0%,14.19
https://weddingmaps.com/venue/the-villa-at-lifetime-weddings-and-events/,0,357,0%,50.3
https://weddingmaps.com/beach/best-beach-wedding-venues-in-hawaii/,0,356,0%,64.32
https://weddingmaps.com/venue/allegra-banquets/,0,354,0%,28.06
https://weddingmaps.com/venue/the-st-vrain/,0,354,0%,42.08
https://weddingmaps.com/venue/the-ritz-carlton-new-orleans/,0,352,0%,49.46
https://weddingmaps.com/venue/the-vineyards-at-chappel-lodge/,0,351,0%,11.82
https://weddingmaps.com/dark-and-moody-wedding-photography/,0,349,0%,37.34
https://weddingmaps.com/venue/sweet-magnolia-estate/,0,346,0%,21.03
https://weddingmaps.com/20-emotional-wedding-photos-of-beautiful-moments/,0,345,0%,59.3
https://weddingmaps.com/venue/tarrytown-house-estate-on-the-hudson/,0,344,0%,46.15
https://weddingmaps.com/venue/wandsworth-town-hall/,0,342,0%,30.13
https://weddingmaps.com/venue/telluride/,0,334,0%,67.62
https://weddingmaps.com/venue/harbor-lights-dining-events-golf-marina/,0,330,0%,18.59
https://weddingmaps.com/venue/longwood-gardens/,0,329,0%,44.99
https://weddingmaps.com/venue/the-old-field-club/,0,326,0%,35.72
https://weddingmaps.com/venue/mt-hood-organic-farms/,0,325,0%,19.74
https://weddingmaps.com/venue/mount-rainier-national-park/,0,325,0%,62.49
https://weddingmaps.com/photographer-location/california/,0,324,0%,78.07
https://weddingmaps.com/venue/pleasantdale-chateau/,0,323,0%,45.15
https://weddingmaps.com/venue/kentlands-mansion/,0,322,0%,52.02
https://weddingmaps.com/venue/gasglow-city-chambers/,0,320,0%,9.87
https://weddingmaps.com/venue/de-vere-latimer-estate/,0,320,0%,46.78
https://weddingmaps.com/jewish-wedding-traditions-2/,0,318,0%,34.01
https://weddingmaps.com/venue/the-barn-at-evergreen-memorial-park/,0,317,0%,45.45
https://weddingmaps.com/best-elopement-photography-locations/arizona/,0,317,0%,80.33
https://weddingmaps.com/venue/union-trust-ballroom/,0,316,0%,28.19
https://weddingmaps.com/venue/sheraton-mahwah-hotel/,0,316,0%,29.54
https://weddingmaps.com/venue/jericho-terrace/,0,316,0%,32.21
https://weddingmaps.com/venue/malibu-rocky-oaks-estate-vineyards/,0,316,0%,43.63
https://weddingmaps.com/venue/a-villa-louisa/,0,314,0%,21.18
https://weddingmaps.com/venue/soho-farmhouse/,0,314,0%,29.31
https://weddingmaps.com/venue/club-los-meganos/,0,308,0%,11.36
https://weddingmaps.com/venue/hummingbird-nest-ranch/,0,308,0%,54.47
https://weddingmaps.com/venue/hazelnut-farm/,0,307,0%,27.55
https://weddingmaps.com/venue/apple-hill/,0,307,0%,37.97
https://weddingmaps.com/venue/riverhouse-at-goodspeed-station/,0,307,0%,47.26
https://weddingmaps.com/venue/primrose-cottage/,0,306,0%,49.6
https://weddingmaps.com/venue/san-sophia-overlook/,0,306,0%,63.02
https://weddingmaps.com/venue/huitt-farms/,0,304,0%,8.55
https://weddingmaps.com/venue/hare-krishna-temple-watford-iskcon-bhaktivedanta-manor/,0,302,0%,23.99
https://weddingmaps.com/photographer-location/caribbean/,0,302,0%,60.7
https://weddingmaps.com/venue/thanksgiving-point/,0,300,0%,38.27
https://weddingmaps.com/venue/howe-farms-wedding-and-event-venue/,0,299,0%,28.12
https://weddingmaps.com/venue/the-wadsworth-mansion-at-long-hill/,0,299,0%,54.76
https://weddingmaps.com/venue/grand-bohemian-hotel/,0,298,0%,54.21
https://weddingmaps.com/venue/fivepine-lodge/,0,295,0%,45.7
https://weddingmaps.com/venue/crestmont-hall/,0,294,0%,24.35
https://weddingmaps.com/venue/frazier-history-museum/,0,290,0%,16.44
https://weddingmaps.com/reflection-photography/,0,290,0%,21.08
https://weddingmaps.com/venue/columbus-zoo-and-aquarium/,0,290,0%,38.21
https://weddingmaps.com/venue/presidential-caterers-wedding-and-event-venue/,0,288,0%,22.49
https://weddingmaps.com/venue/the-fox-hollow/,0,288,0%,49.74
https://weddingmaps.com/venue/cheyenne-mountain-resort/,0,286,0%,36.16
https://weddingmaps.com/venue/grand-view-mendon/,0,281,0%,33.1
https://weddingmaps.com/venue/mision-lago-estate/,0,278,0%,28.7
https://weddingmaps.com/venue/stone-crest-venue/,0,277,0%,19.04
https://weddingmaps.com/venue/the-imperia/,0,277,0%,35.63
https://weddingmaps.com/venue/the-old-post-office/,0,277,0%,69.13
https://weddingmaps.com/venue/grace-of-christ-presbyterian-church/,0,275,0%,7.58
https://weddingmaps.com/venue/the-bradford-estate/,0,275,0%,38.6
https://weddingmaps.com/listing-location/greenville/,0,274,0%,61.01
https://weddingmaps.com/venue/villa-dalmacija/,0,273,0%,35.24
https://weddingmaps.com/venue/turnip-rose-promenade-gardens/,0,269,0%,21.49
https://weddingmaps.com/venue/lombardos/,0,268,0%,20.15
https://weddingmaps.com/venue/tunxis-country-club/,0,268,0%,29.21
https://weddingmaps.com/venue/calamigos-ranch/,0,268,0%,56.01
https://weddingmaps.com/venue/aldridge-gardens/,0,268,0%,56.42
https://weddingmaps.com/venue/the-ritz-carlton-laguna-niguel/,0,265,0%,31.74
https://weddingmaps.com/venue/kleffner-ranch-barn/,0,264,0%,13.08
https://weddingmaps.com/venue/big-bear-lake/,0,264,0%,49.57
https://weddingmaps.com/photographer-location/santa-barbara/,0,264,0%,76.01
https://weddingmaps.com/venue/north-bank-park-pavilion/,0,263,0%,36.73
https://weddingmaps.com/venue/angel-orensanz-foundation/,0,263,0%,41.25
https://weddingmaps.com/venue/inn-at-mystic/,0,262,0%,37.74
https://weddingmaps.com/venue/montauk-club/,0,261,0%,29.04
https://weddingmaps.com/venue/eolia-mansion-at-harkness-state/,0,261,0%,54.07
https://weddingmaps.com/photographer-location/alberta/,0,261,0%,82.78
https://weddingmaps.com/wedding-photography-styles/dark-or-moody-styles/,0,260,0%,52.45
https://weddingmaps.com/venue/buss-farms/,0,259,0%,13.55
https://weddingmaps.com/venue/hyde-bank-farm/,0,258,0%,25.56
https://weddingmaps.com/venue/camelot-ranch/,0,256,0%,16.23
https://weddingmaps.com/venue/fairmont-banff-spring-hotel/,0,254,0%,55.72
https://weddingmaps.com/venue/aliso-viejo-by-wedgewood-weddings/,0,253,0%,36.17
https://weddingmaps.com/venue/grand-geneva-resort-and-spa/,0,253,0%,52.26
https://weddingmaps.com/venue/normandy-farm-hotel-and-conference-center/,0,253,0%,65.82
https://weddingmaps.com/venue/downtown-los-angeles/,0,251,0%,51.82
https://weddingmaps.com/venue/larimar/,0,247,0%,7.67
https://weddingmaps.com/venue/avion-on-the-water-banquet-center/,0,247,0%,19.87
https://weddingmaps.com/venue/maneeleys-banquet-catering/,0,246,0%,16.09
https://weddingmaps.com/venue/hickory-street-annex/,0,246,0%,24.59
https://weddingmaps.com/venue/five-bridge-inn/,0,246,0%,26.86
https://weddingmaps.com/venue/san-ramon-waters-by-wedgewood-weddings/,0,245,0%,38.33
https://weddingmaps.com/30-waterfall-wedding-pictures-for-your-inspiration/,0,244,0%,14.28
https://weddingmaps.com/petal-toss-magic-how-to-make-this-photo-worthy-moment-unforgettable-on-your-wedding-day/,0,244,0%,16.08
https://weddingmaps.com/venue/brooklyn-winery/,0,244,0%,49.88
https://weddingmaps.com/venue/the-grand-ivory/,0,242,0%,30.19
https://weddingmaps.com/venue/balfour-st-barts/,0,242,0%,36.71
https://weddingmaps.com/venue/lucky-spur-ranch-retreat/,0,241,0%,15.44
https://weddingmaps.com/venue/hyatt-regency-huntington-beach-resort-and-spa/,0,240,0%,54.03
https://weddingmaps.com/venue/the-boathouse-at-mercer-lake/,0,240,0%,58.17
https://weddingmaps.com/listing-location/alaska/,0,240,0%,63.11
https://weddingmaps.com/venue/old-christ-church/,0,239,0%,15.03
https://weddingmaps.com/engagement-photography-tips-and-ideas/,0,238,0%,12.88
https://weddingmaps.com/venue/sheraton-universal-hotel/,0,238,0%,18.12
https://weddingmaps.com/venue/la-canada-flintridge-country-club/,0,236,0%,30.33
https://weddingmaps.com/venue/the-winery-at-bull-run/,0,236,0%,41.97
https://weddingmaps.com/venue/le-meridien-columbus-the-joseph/,0,235,0%,30.66
https://weddingmaps.com/venue/willowdale-estate/,0,235,0%,49.88
https://weddingmaps.com/venue/boathouse-at-sunday-park/,0,234,0%,55.7
https://weddingmaps.com/venue/warrenwood-manor/,0,233,0%,11.88
https://weddingmaps.com/venue/fort-hunter-mansion-and-park/,0,233,0%,16.02
https://weddingmaps.com/venue/la-bella-luna/,0,233,0%,37.37
https://weddingmaps.com/venue/villa-russo/,0,231,0%,35.82
https://weddingmaps.com/venue/the-society-room-of-hartford/,0,231,0%,36.13
https://weddingmaps.com/venue/the-pavilions-at-penfield-beach/,0,230,0%,24.53
https://weddingmaps.com/venue/the-greenpoint-loft/,0,230,0%,42.27
https://weddingmaps.com/30-photos-of-joy-and-happiness-at-weddings/,0,229,0%,16
https://weddingmaps.com/20-drone-wedding-photography-examples/,0,229,0%,51.19
https://weddingmaps.com/30-beautiful-examples-of-negative-space-in-portrait-photography/,0,229,0%,56.73
https://weddingmaps.com/venue/the-royalton-mansion/,0,226,0%,32.22
https://weddingmaps.com/venue/harmony-ridge-lodge/,0,226,0%,39.53
https://weddingmaps.com/venue/el-portico/,0,225,0%,24.2
https://weddingmaps.com/venue/sapphire-point-overlook/,0,225,0%,61.18
https://weddingmaps.com/venue/briar-barn-inn/,0,223,0%,42.29
https://weddingmaps.com/photographer-location/united-states/,0,223,0%,73.43
https://weddingmaps.com/venue/villa-del-sol-doro/,0,222,0%,43.33
https://weddingmaps.com/venue/seasons-catering/,0,220,0%,37.68
https://weddingmaps.com/venue/dreams-tulum-resort-and-spa/,0,220,0%,56.11
https://weddingmaps.com/venue/olympic-national-park/,0,219,0%,74.11
https://weddingmaps.com/venue/long-beach-museum-of-art/,0,218,0%,29.3
https://weddingmaps.com/venue/wild-basin-lodge/,0,218,0%,37.72
https://weddingmaps.com/venue/ritz-carlton-rancho-mirage/,0,218,0%,43.85
https://weddingmaps.com/venue/tahoe-blue-estate/,0,217,0%,8.24
https://weddingmaps.com/photographer-location/new-york/,0,217,0%,72.96
https://weddingmaps.com/venue/jw-marriott-marco-island-beach-resort/,0,215,0%,40.88
https://weddingmaps.com/venue/beneficent-congregational-church/,0,214,0%,10.56
https://weddingmaps.com/venue/the-farm-at-rocky-top/,0,214,0%,16.79
https://weddingmaps.com/venue/the-parker-mill/,0,214,0%,20.95
https://weddingmaps.com/venue/grand-island-mansion/,0,214,0%,46.66
https://weddingmaps.com/40-golden-hour-wedding-photos-for-your-inspiration/,0,211,0%,31.11
https://weddingmaps.com/venue/bellevue-hall/,0,211,0%,33.52
https://weddingmaps.com/venue/bakers-ranch/,0,211,0%,35.65
https://weddingmaps.com/venue/the-terrace/,0,211,0%,40.19
https://weddingmaps.com/venue/twin-oaks-house-and-garden-estate/,0,210,0%,38.28
https://weddingmaps.com/venue/nueces-county-courthouse/,0,209,0%,17.08
https://weddingmaps.com/venue/nyit-de-seversky-mansion/,0,209,0%,29.61
https://weddingmaps.com/venue/kraft-azalea-garden/,0,209,0%,33.98
https://weddingmaps.com/venue/adler-planetarium/,0,209,0%,57.12
https://weddingmaps.com/venue/ryland-inn-restaurant-and-events/,0,209,0%,78.99
https://weddingmaps.com/venue/the-grand/,0,208,0%,26.93
https://weddingmaps.com/venue/beecher-island/,0,207,0%,9.39
https://weddingmaps.com/venue/seventh-day-adventist-church-waynesboro/,0,207,0%,10.53
https://weddingmaps.com/venue/the-springs-venue-in-alvarado/,0,207,0%,26.7
https://weddingmaps.com/venue/la-paletta-mansion/,0,207,0%,34.37
https://weddingmaps.com/venue/breckenridge/,0,206,0%,60.41
https://weddingmaps.com/venue/swan-house-at-atlanta-history-center/,0,206,0%,66.38
https://weddingmaps.com/photographer/dee-and-kris/,0,205,0%,8.4
https://weddingmaps.com/venue/woodland-weddings-ltd-lilas-wood/,0,205,0%,22.09
https://weddingmaps.com/venue/the-springs-in-denton/,0,205,0%,32.78
https://weddingmaps.com/venue/the-langham-huntington-pasadena/,0,205,0%,53
https://weddingmaps.com/venue/the-pinery-at-the-hill/,0,203,0%,36.8
https://weddingmaps.com/venue/san-gabriel-hilton/,0,202,0%,22.26
https://weddingmaps.com/venue/addington-palace/,0,202,0%,30.98